name,id,1990,1991,1992,1993,1994,1995,1996,1997,1998,1999,2000,2001,2002,2003,2004,2005,2006,2007,2008,2009,2010,2011,2012,2013,average
Swaziland,SWZ,0.78,1.39,2.18,3.06,3.86,4.5,4.91,5.05,4.96,4.74,4.42,4.12,3.83,3.66,3.59,3.49,3.39,3.27,3.22,3.12,3.11,2.89,2.41,2.18,3.422
Zimbabwe,ZWE,4.25,5.06,5.65,5.95,5.92,5.59,5.05,4.4,3.73,3.13,2.63,2.24,1.97,1.77,1.65,1.56,1.49,1.44,1.41,1.37,1.3,1.21,1.1,0.97,2.952
Botswana,BWA,1.92,2.69,3.59,4.45,5.13,5.52,5.53,5.29,4.89,4.37,3.83,3.33,2.89,2.47,2.13,1.86,1.7,1.57,1.51,1.35,1.2,1.15,1.06,0.93,2.932
Lesotho,LSO,0.44,0.87,1.56,2.49,3.53,4.36,4.73,4.62,4.26,3.84,3.43,3.13,2.91,2.78,2.73,2.73,2.7,2.75,2.82,2.65,2.38,2.28,2.3,2.21,2.854
South Africa,ZAF,0.16,0.33,0.59,0.97,1.46,1.99,2.48,2.83,3.01,3.04,2.95,2.78,2.59,2.4,2.24,2.11,2.01,1.93,1.88,1.84,1.79,1.69,1.52,1.36,1.915
Namibia,NAM,0.5,0.79,1.16,1.59,2.06,2.49,2.83,3.01,3.03,2.95,2.72,2.45,2.19,1.92,1.68,1.47,1.22,1.08,0.99,0.95,0.91,0.93,0.96,0.91,1.700
Malawi,MWI,2.32,2.3,2.29,2.32,2.35,2.4,2.43,2.43,2.41,2.36,2.27,2.14,1.98,1.8,1.61,1.41,1.21,1.03,0.86,0.73,0.63,0.55,0.47,0.4,1.696
Zambia,ZMB,2.18,2.06,2.01,1.99,1.99,1.99,1.97,1.96,1.92,1.87,1.81,1.8,1.73,1.64,1.52,1.43,1.34,1.24,1.11,1.04,1.02,0.98,0.78,0.7,1.587
Mozambique,MOZ,,0.37,0.47,0.58,0.71,0.87,1.05,1.25,1.44,1.63,1.75,1.81,1.8,1.72,1.63,1.5,1.38,1.26,1.16,1.11,1.07,1,1,0.98,1.197
Kenya,KEN,1.15,1.69,2.24,2.6,2.59,2.24,1.75,1.33,1.02,0.82,0.77,0.7,0.65,0.61,0.58,0.55,0.54,0.55,0.56,0.52,0.51,0.51,0.44,0.43,1.056
Uganda,UGA,1.95,1.6,1.34,1.09,0.89,0.73,0.59,0.58,0.53,0.53,0.56,0.61,0.62,0.66,0.71,0.75,0.79,0.86,0.89,0.89,0.9,0.93,0.87,0.79,0.861
United Republic of Tanzania,TZA,1.34,1.45,1.48,1.45,1.37,1.26,1.13,1.02,0.9,0.83,0.75,0.71,0.66,0.62,0.59,0.55,0.52,0.48,0.44,0.41,0.38,0.34,0.33,0.27,0.803
Central African Republic,CAF,0.97,1.11,1.25,1.36,1.42,1.46,1.39,1.34,1.24,1.07,0.96,0.79,0.65,0.52,0.45,0.36,0.31,0.29,0.26,0.26,0.26,0.28,0.28,0.26,0.773
Cameroon,CMR,0.4,0.48,0.57,0.66,0.74,0.8,0.84,0.83,0.83,0.81,0.78,0.75,0.71,0.67,0.61,0.57,0.51,0.49,0.46,0.42,0.4,0.39,0.36,0.34,0.601
Cote d'Ivoire,CIV,0.82,0.9,0.95,1.01,1.03,1.03,1.03,0.99,0.89,0.81,0.71,0.59,0.48,0.4,0.31,0.24,0.17,0.14,0.11,0.12,0.14,0.14,0.14,0.14,0.554
Gabon,GAB,0.25,0.33,0.42,0.52,0.63,0.73,0.82,0.89,0.92,0.94,0.91,0.84,0.75,0.65,0.52,0.42,0.33,0.27,0.23,0.22,0.21,0.19,0.19,0.17,0.515
Congo,COG,0.9,0.91,0.91,0.87,0.83,0.78,0.69,0.66,0.6,0.53,0.47,0.43,0.4,0.35,0.31,0.29,0.27,0.24,0.23,0.2,0.17,0.15,0.14,0.13,0.478
Guinea-Bissau,GNB,0.2,0.26,0.32,0.38,0.44,0.48,0.52,0.55,0.57,0.55,0.54,0.54,0.52,0.51,0.49,0.46,0.45,0.43,0.4,0.38,0.37,0.36,0.32,0.31,0.431
Nigeria,NGA,0.25,0.3,0.35,0.4,0.44,0.48,0.53,0.53,0.51,0.52,0.54,0.5,0.46,0.46,0.42,0.41,0.37,0.37,0.34,0.31,0.29,0.28,0.23,0.2,0.395
Rwanda,RWA,0.93,0.88,0.81,0.74,0.67,0.6,0.54,0.48,0.42,0.37,0.33,0.29,0.26,0.24,0.23,0.21,0.19,0.17,0.16,0.15,0.14,0.13,0.12,0.1,0.382
Chad,TCD,0.27,0.3,0.33,0.37,0.41,0.45,0.48,0.51,0.54,0.55,0.55,0.53,0.51,0.47,0.42,0.37,0.32,0.27,0.23,0.19,0.17,0.15,0.14,0.13,0.361
Togo,TGO,0.22,0.28,0.35,0.42,0.49,0.55,0.6,0.63,0.64,0.63,0.59,0.54,0.47,0.41,0.33,0.28,0.22,0.19,0.17,0.14,0.12,0.09,0.08,0.07,0.355
Ethiopia,ETH,0.34,0.44,0.54,0.63,0.7,0.73,0.72,0.65,0.56,0.46,0.35,0.25,0.17,0.11,0.07,0.04,0.02,0.02,0.02,0.02,0.02,0.02,0.03,0.03,0.289
Haiti,HTI,0.64,0.57,0.53,0.46,0.41,0.37,0.31,0.33,0.29,0.27,0.26,0.25,0.23,0.22,0.21,0.19,0.18,0.16,0.16,0.15,0.15,0.15,0.12,0.11,0.280
Liberia,LBR,0.25,0.31,0.39,0.44,0.48,0.51,0.53,0.51,0.49,0.43,0.35,0.28,0.23,0.16,0.12,0.09,0.07,0.05,0.04,0.05,0.05,0.06,0.06,0.07,0.251
Angola,AGO,0.09,0.16,0.19,0.22,0.25,0.27,0.28,0.3,0.24,0.24,0.24,0.24,0.24,0.24,0.24,0.24,0.24,0.24,0.24,0.25,0.26,0.27,0.27,0.28,0.239
South Sudan,SSD,,,,,,,,,,,,,,,,,,,,,,,,0.23,0.230
Jamaica,JAM,0.36,0.4,0.35,0.31,0.31,0.31,0.3,0.28,0.27,0.24,0.23,0.21,0.2,0.19,0.17,0.16,0.15,0.14,0.13,0.12,0.11,0.11,0.09,0.09,0.218
Ghana,GHA,0.21,0.26,0.29,0.32,0.34,0.35,0.34,0.33,0.3,0.28,0.25,0.22,0.2,0.18,0.16,0.14,0.12,0.11,0.1,0.09,0.07,0.06,0.04,0.04,0.200
Burkina Faso,BFA,0.71,0.67,0.6,0.51,0.43,0.33,0.26,0.18,0.12,0.09,0.07,0.06,0.06,0.06,0.06,0.05,0.06,0.06,0.06,0.06,0.06,0.06,0.05,0.05,0.197
Djibouti,DJI,0.04,0.06,0.09,0.14,0.19,0.26,0.32,0.38,0.43,0.46,0.46,0.43,0.37,0.32,0.25,0.19,0.12,0.07,0.04,0.02,0.01,0.01,0.0082,0.0083,0.195
Bahamas,BHS,,,,,,,,,,,,,,,,,,,,,,,,0.19,0.190
Burundi,BDI,0.09,0.13,0.18,0.23,0.29,0.35,0.39,0.42,0.43,0.42,0.38,0.33,0.27,0.2,0.14,0.09,0.05,0.03,0.02,0.01,0.02,0.02,0.01,0.01,0.188
Eritrea,ERI,0.17,0.23,0.3,0.36,0.4,0.42,0.41,0.38,0.32,0.24,0.17,0.11,0.06,0.03,0.02,0.01,0.01,0.0063,0.0064,0.01,0.01,0.02,0.01,0.01,0.155
Guinea,GIN,,,,,,,,,,,,,,,,,,,,,,,,0.15,0.150
Democratic Republic of the Congo,COD,0.18,0.18,0.18,0.19,0.19,0.19,0.19,0.19,0.18,0.18,0.17,0.17,0.16,0.15,0.14,0.13,0.12,0.11,0.11,0.1,0.09,0.09,0.08,0.08,0.148
Belize,BLZ,0.0021,0.005,0.01,0.02,0.05,0.11,0.22,0.38,0.48,0.46,0.34,0.21,0.14,0.11,0.1,0.1,0.1,0.1,0.11,0.11,0.08,0.09,0.09,0.08,0.146
Benin,BEN,0.09,0.13,0.17,0.21,0.24,0.26,0.27,0.25,0.23,0.2,0.17,0.15,0.12,0.11,0.09,0.09,0.08,0.08,0.08,0.08,0.09,0.09,0.07,0.07,0.143
Mali,MLI,0.12,0.16,0.2,0.23,0.26,0.26,0.26,0.25,0.22,0.21,0.18,0.16,0.14,0.12,0.11,0.09,0.08,0.07,0.06,0.06,0.04,0.04,0.03,0.03,0.141
Sierra Leone,SLE,0.02,0.03,0.03,0.04,0.06,0.07,0.09,0.11,0.14,0.16,0.19,0.22,0.24,0.25,0.25,0.23,0.22,0.19,0.16,0.14,0.13,0.12,0.11,0.11,0.138
Trinidad and Tobago,TTO,0.05,0.08,0.11,0.13,0.16,0.18,0.2,0.2,0.2,0.2,0.19,0.18,0.16,0.15,0.14,0.13,0.12,0.12,0.11,0.11,0.1,0.1,0.1,0.09,0.138
Thailand,THA,0.46,0.51,0.4,0.32,0.23,0.17,0.13,0.11,0.09,0.08,0.07,0.06,0.05,0.05,0.04,0.04,0.03,0.03,0.03,0.02,0.02,0.02,0.02,0.02,0.125
Gambia,GMB,0.02,0.03,0.04,0.05,0.07,0.09,0.11,0.12,0.15,0.17,0.18,0.2,0.2,0.2,0.2,0.19,0.17,0.15,0.13,0.11,0.1,0.07,0.06,0.05,0.119
Cambodia,KHM,0.01,0.07,0.19,0.35,0.44,0.42,0.33,0.21,0.16,0.12,0.1,0.07,0.06,0.05,0.04,0.04,0.03,0.03,0.02,0.02,0.01,0.01,0.01,0.01,0.117
Dominican Republic,DOM,0.13,0.16,0.19,0.2,0.22,0.22,0.22,0.21,0.2,0.16,0.14,0.11,0.08,0.07,0.05,0.03,0.02,0.02,0.02,0.02,0.02,0.02,0.01,0.01,0.105
Mauritius,MUS,0.01,0.02,0.02,0.03,0.05,0.06,0.09,0.11,0.13,0.14,0.16,0.16,0.16,0.16,0.18,0.2,0.21,0.11,0.1,0.1,0.1,0.09,0.05,0.04,0.103
Sao Tome and Principe,STP,0.02,0.04,0.05,0.07,0.1,0.12,0.15,0.18,0.2,0.22,0.23,0.23,0.21,0.19,0.15,0.12,0.08,0.04,0.02,0.0063,0.0049,0.0017,0.0019,0.0018,0.102
Guyana,GUY,0.02,0.04,0.05,0.06,0.07,0.08,0.08,0.08,0.1,0.1,0.11,0.12,0.13,0.13,0.13,0.13,0.14,0.13,0.13,0.12,0.12,0.11,0.11,0.1,0.100
Honduras,HND,0.25,0.28,0.24,0.23,0.22,0.2,0.17,0.15,0.12,0.1,0.07,0.06,0.04,0.03,0.02,0.02,0.02,0.02,0.01,0.01,0.02,0.02,0.02,0.02,0.098
Suriname,SUR,0.03,0.05,0.08,0.1,0.13,0.17,0.19,0.21,0.21,0.21,0.16,0.1,0.08,0.06,0.05,0.05,0.04,0.04,0.03,0.04,0.04,0.03,0.03,0.03,0.090
Niger,NER,0.06,0.07,0.09,0.11,0.12,0.14,0.15,0.16,0.16,0.15,0.14,0.12,0.1,0.08,0.06,0.04,0.03,0.01,0.01,0.0056,0.0043,0.0066,0.0014,0.0012,0.076
Ukraine,UKR,0.01,0.02,0.03,0.06,0.08,0.1,0.11,0.11,0.12,0.12,0.12,0.12,0.11,0.11,0.1,0.09,0.07,0.06,0.05,0.04,0.04,0.04,0.03,0.03,0.074
Madagascar,MDG,0.09,0.13,0.12,0.12,0.12,0.1,0.09,0.07,0.07,0.06,0.06,0.07,0.07,0.07,0.07,0.07,0.05,0.05,0.04,0.03,0.02,0.02,0.02,0.02,0.068
Somalia,SOM,0.03,0.05,0.07,0.08,0.09,0.1,0.1,0.1,0.1,0.1,0.07,0.06,0.07,0.06,0.06,0.06,0.06,0.06,0.06,0.05,0.05,0.05,0.05,0.05,0.068
Barbados,BRB,0.07,0.07,0.08,0.08,0.09,0.09,0.09,0.09,0.09,0.08,0.08,0.07,0.07,0.06,0.05,0.05,0.05,0.05,0.05,0.05,0.05,0.04,0.04,0.04,0.066
Papua New Guinea,PNG,0.01,0.02,0.03,0.04,0.05,0.06,0.07,0.08,0.09,0.1,0.12,0.15,0.17,0.15,0.12,0.07,0.04,0.02,0.01,0.02,0.03,0.04,0.04,0.04,0.065
Myanmar,MMR,0.08,0.07,0.06,0.07,0.07,0.08,0.09,0.09,0.11,0.11,0.1,0.09,0.08,0.07,0.06,0.05,0.04,0.03,0.03,0.03,0.02,0.02,0.02,0.02,0.062
Guatemala,GTM,0.04,0.05,0.05,0.05,0.05,0.05,0.05,0.06,0.06,0.06,0.06,0.06,0.07,0.07,0.07,0.06,0.06,0.06,0.06,0.06,0.03,0.04,0.04,0.04,0.054
Paraguay,PRY,,,,,,,,,,,,,,,,,,,,,,,,0.05,0.050
El Salvador,SLV,0.04,0.04,0.05,0.06,0.07,0.07,0.08,0.07,0.07,0.07,0.06,0.06,0.05,0.05,0.04,0.04,0.04,0.04,0.03,0.03,0.03,0.02,0.03,0.03,0.049
Panama,PAN,0.08,0.08,0.04,0.04,0.05,0.05,0.05,0.05,0.05,0.05,0.04,0.04,0.05,0.05,0.05,0.05,0.05,0.04,0.04,0.04,0.04,0.05,0.04,0.04,0.048
Colombia,COL,0.03,0.04,0.05,0.07,0.08,0.1,0.12,0.1,0.07,0.05,0.04,0.03,0.03,0.03,0.03,0.03,0.03,0.03,0.03,0.03,0.03,0.03,0.03,0.03,0.048
Republic of Moldova,MDA,,0.01,0.01,0.01,0.01,0.02,0.04,0.07,0.07,0.05,0.04,0.04,0.04,0.05,0.05,0.06,0.06,0.06,0.06,0.06,0.06,0.06,0.06,0.06,0.046
Senegal,SEN,0.03,0.03,0.03,0.04,0.05,0.06,0.07,0.07,0.05,0.07,0.08,0.08,0.08,0.08,0.07,0.06,0.04,0.03,0.02,0.01,0.01,0.01,0.01,0.01,0.045
Malaysia,MYS,,,,,,,,,,,,,,,,,,,,,,,,0.04,0.040
Uruguay,URY,,,,,,,,,,,,,,,,,,,,,,,,0.04,0.040
Bolivia,BOL,0.05,0.06,0.07,0.08,0.09,0.1,0.08,0.07,0.06,0.05,0.04,0.04,0.02,0.02,0.02,0.02,0.01,0.01,0.01,0.01,0.01,0.01,0.01,0.01,0.040
India,IND,0.01,0.01,0.02,0.04,0.05,0.06,0.07,0.07,0.07,0.06,0.05,0.05,0.04,0.03,0.03,0.02,0.02,0.02,0.02,0.02,0.02,0.02,0.02,0.02,0.035
Viet Nam,VNM,0.0029,0.0045,0.0065,0.009,0.01,0.01,0.02,0.03,0.05,0.06,0.06,0.06,0.06,0.05,0.05,0.04,0.04,0.03,0.03,0.03,0.03,0.03,0.02,0.02,0.031
Brazil,BRA,,,,,,,,,,,,,,,,,,,,,,,,0.03,0.030
Ecuador,ECU,,,,,,,,,,,,,,,,,,,,,,,,0.03,0.030
Venezuela,VEN,,,,,,,,,,,,,,,,,,,,,,,,0.03,0.030
Tajikistan,TJK,0.0044,0.001,0.0097,0.01,0.01,0.02,0.03,0.04,0.04,0.04,0.04,0.04,0.04,0.03,0.03,0.03,0.03,0.03,0.03,0.03,0.03,0.04,0.04,0.04,0.029
Chile,CHL,0.03,0.04,0.05,0.05,0.06,0.06,0.05,0.04,0.03,0.02,0.02,0.02,0.01,0.01,0.01,0.01,0.01,0.02,0.02,0.02,0.02,0.02,0.02,0.02,0.028
Nepal,NPL,0.001,0.0018,0.0033,0.0061,0.01,0.02,0.03,0.05,0.06,0.07,0.07,0.06,0.06,0.06,0.04,0.03,0.02,0.01,0.01,0.0093,0.0076,0.0077,0.008,0.0075,0.027
Belarus,BLR,0.0013,0.002,0.0029,0.004,0.0056,0.0076,0.01,0.01,0.01,0.01,0.02,0.02,0.03,0.03,0.03,0.04,0.04,0.04,0.04,0.04,0.05,0.05,0.05,0.05,0.025
Indonesia,IDN,0.0001,0.0002,0.0005,0.0009,0.0016,0.0025,0.0036,0.0054,0.0081,0.01,0.01,0.02,0.03,0.03,0.04,0.04,0.04,0.04,0.04,0.04,0.05,0.05,0.05,0.05,0.023
Argentina,ARG,0.02,0.02,0.02,0.02,0.02,0.02,0.02,0.02,0.02,0.02,0.02,0.02,0.02,0.02,0.02,0.02,0.02,0.02,0.02,0.02,0.02,0.02,0.02,0.02,0.020
Cape Verde,CPV,,,,,,,,,,,,,,,,,,,,,,,,0.02,0.020
Cuba,CUB,,,,,,,,,,,,,,,,,,,,,,,,0.02,0.020
France,FRA,,,,,,,,,,,,,,,,,,,,,,,,0.02,0.020
Peru,PER,,,,,,,,,,,,,,,,,,,,,,,,0.02,0.020
Sudan,SDN,,,,,,,,,,,,,,,,,,,,,,,,0.02,0.020
United Kingdom,GBR,,,,,,,,,,,,,,,,,,,,,,,,0.02,0.020
Mexico,MEX,0.01,0.01,0.01,0.01,0.02,0.01,0.01,0.02,0.02,0.02,0.02,0.02,0.02,0.02,0.02,0.02,0.02,0.01,0.01,0.01,0.01,0.01,0.01,0.01,0.015
Kyrgyzstan,KGZ,0.0007,0.0008,0.001,0.0002,0.0015,0.0019,0.0022,0.0027,0.0033,0.0041,0.0053,0.0067,0.0087,0.01,0.01,0.01,0.03,0.03,0.03,0.03,0.03,0.03,0.02,0.02,0.012
Georgia,GEO,0.0007,0.001,0.0015,0.0021,0.0025,0.0032,0.0042,0.0054,0.0069,0.0084,0.01,0.01,0.01,0.01,0.01,0.02,0.02,0.02,0.02,0.02,0.02,0.03,0.03,0.02,0.012
Bhutan,BTN,,,,,,,,,,,,,,,,,,,,,,,,0.01,0.010
Canada,CAN,,,,,,,,,,,,,,,,,,,,,,,,0.01,0.010
Costa Rica,CRI,,,,,,,,,,,,,,,,,,,,,,,,0.01,0.010
Fiji,FJI,,,,,,,,,,,,,,,,,,,,,,,,0.01,0.010
Spain,ESP,,,,,,,,,,,,,,,,,,,,,,,,0.01,0.010
Switzerland,CHE,,,,,,,,,,,,,,,,,,,,,,,,0.01,0.010
Australia,AUS,,,,,,,,,,,,,,,,,,,,,,,,0.0098,0.010
Armenia,ARM,0.0001,0.0002,0.0003,0.0011,0.0024,0.0049,0.01,0.01,0.01,0.01,0.01,0.01,0.01,0.01,0.01,0.01,0.01,0.01,0.01,0.01,0.02,0.02,0.02,0.02,0.010
Algeria,DZA,0.0043,0.0053,0.006,0.0068,0.0075,0.0083,0.0087,0.0085,0.0089,0.0087,0.0088,0.0089,0.0086,0.0092,0.0094,0.0092,0.0099,0.01,0.0095,0.0099,0.01,0.01,0.01,0.01,0.009
Denmark,DNK,,,,,,,,,,,,,,,,,,,,,,,,0.0086,0.009
Morocco,MAR,0.0025,0.0031,0.0037,0.0044,0.0051,0.0058,0.0065,0.0073,0.0082,0.0092,0.01,0.01,0.01,0.01,0.01,0.01,0.01,0.01,0.01,0.01,0.01,0.01,0.01,0.01,0.008
Cyprus,CYP,,,,,,,,,,,,,,,,,,,,,,,,0.008,0.008
Lao People's Democratic Republic,LAO,,,,,,,,,,,,,,,,,,,,,,,,0.0076,0.008
Iran (Islamic Republic of),IRN,0.0015,0.0017,0.0018,0.0018,0.0023,0.003,0.0041,0.0055,0.0074,0.01,0.01,0.01,0.01,0.01,0.01,0.01,0.01,0.01,0.01,0.01,0.01,0.01,0.01,0.01,0.007
Azerbaijan,AZE,0.0002,0.0003,0.0005,0.0008,0.0012,0.002,0.003,0.0046,0.0066,0.0091,0.01,0.01,0.01,0.01,0.01,0.01,0.01,0.01,0.01,0.01,0.01,0.01,0.01,0.02,0.007
Mongolia,MNG,,,,,,,,,,,,,,,,,,,,,,,,0.0072,0.007
Uzbekistan,UZB,,,,,,,,,,,,,,,,,,,,,,,,0.0067,0.007
Albania,ALB,,,,,,,,,,,,,,,,,,,,,,,,0.0065,0.007
Romania,ROU,,,,,,,,,,,,,,,,,,,,,,,,0.0054,0.005
Czech Republic,CZE,,,,,,,,,,,,,,,,,,,,,,,,0.005,0.005
Yemen,YEM,,,,,,,,,,,,,,,,,,,,,,,,0.0043,0.004
Afghanistan,AFG,,,,,,,,,,,,,,,,,,,,,,,,0.004,0.004
Serbia,SRB,,,,,,,,,,,,,,,,,,,,,,,,0.004,0.004
Pakistan,PAK,0.0003,0.0003,0.0004,0.0005,0.0006,0.0006,0.0008,0.0009,0.0011,0.0014,0.0016,0.002,0.0024,0.0028,0.0034,0.0041,0.0049,0.0058,0.0067,0.0079,0.0091,0.01,0.01,0.01,0.004
Tunisia,TUN,0.0003,0.0004,0.0004,0.0005,0.0006,0.0007,0.0008,0.0009,0.0011,0.0013,0.0015,0.0018,0.002,0.0024,0.0027,0.0032,0.0037,0.0043,0.0048,0.0054,0.0063,0.0073,0.0078,0.0088,0.003
The former Yugoslav Republic of Macedonia,MKD,,,,,,,,,,,,,,,,,,,,,,,,0.0016,0.002
Sri Lanka,LKA,0.0003,0.0004,0.0004,0.0005,0.0006,0.0006,0.0007,0.0012,0.0013,0.0013,0.0013,0.0014,0.0014,0.0012,0.0013,0.0014,0.0015,0.0016,0.0019,0.0022,0.0026,0.0031,0.0037,0.0042,0.002
Bangladesh,BGD,,,,,,,,,,,,,,,,,,,,,,,,0.0014,0.001
Egypt,EGY,0.0002,0.0003,0.0003,0.0004,0.0005,0.0006,0.0006,0.0007,0.0008,0.0009,0.0009,0.001,0.0012,0.0013,0.0013,0.0015,0.0016,0.0016,0.0018,0.002,0.0021,0.0022,0.0023,0.0025,0.001
Maldives,MDV,,,,,,,,,,,,,,,,,,,,,,,,0.0006,0.001
American Samoa,ASM,,,,,,,,,,,,,,,,,,,,,,,,,
Andorra,AND,,,,,,,,,,,,,,,,,,,,,,,,,
Anguilla,AIA,,,,,,,,,,,,,,,,,,,,,,,,,
Antigua and Barbuda,ATG,,,,,,,,,,,,,,,,,,,,,,,,,
Aruba,ABW,,,,,,,,,,,,,,,,,,,,,,,,,
Austria,AUT,,,,,,,,,,,,,,,,,,,,,,,,,
Bahrain,BHR,,,,,,,,,,,,,,,,,,,,,,,,,
Belgium,BEL,,,,,,,,,,,,,,,,,,,,,,,,,
Bermuda,BMU,,,,,,,,,,,,,,,,,,,,,,,,,
Bosnia and Herzegovina,BIH,,,,,,,,,,,,,,,,,,,,,,,,,
British Virgin Islands,VGB,,,,,,,,,,,,,,,,,,,,,,,,,
Brunei Darussalam,BRN,,,,,,,,,,,,,,,,,,,,,,,,,
Bulgaria,BGR,,,,,,,,,,,,,,,,,,,,,,,,,
Cayman Islands,CYM,,,,,,,,,,,,,,,,,,,,,,,,,
China,CHN,,,,,,,,,,,,,,,,,,,,,,,,,
"China, Hong Kong Special Administrative Region",HKG,,,,,,,,,,,,,,,,,,,,,,,,,
"China, Macao Special Administrative Region",MAC,,,,,,,,,,,,,,,,,,,,,,,,,
Comoros,COM,,,,,,,,,,,,,,,,,,,,,,,,,
Cook Islands,COK,,,,,,,,,,,,,,,,,,,,,,,,,
Croatia,HRV,,,,,,,,,,,,,,,,,,,,,,,,,
Dominica,DMA,,,,,,,,,,,,,,,,,,,,,,,,,
Equatorial Guinea,GNQ,,,,,,,,,,,,,,,,,,,,,,,,,
Estonia,EST,,,,,,,,,,,,,,,,,,,,,,,,,
Faeroe Islands,FRO,,,,,,,,,,,,,,,,,,,,,,,,,
Falkland Islands (Malvinas),FLK,,,,,,,,,,,,,,,,,,,,,,,,,
Finland,FIN,,,,,,,,,,,,,,,,,,,,,,,,,
French Guiana,GUF,,,,,,,,,,,,,,,,,,,,,,,,,
French Polynesia,PYF,,,,,,,,,,,,,,,,,,,,,,,,,
Germany,DEU,,,,,,,,,,,,,,,,,,,,,,,,,
Gibraltar,GIB,,,,,,,,,,,,,,,,,,,,,,,,,
Greece,GRC,,,,,,,,,,,,,,,,,,,,,,,,,
Greenland,GRL,,,,,,,,,,,,,,,,,,,,,,,,,
Grenada,GRD,,,,,,,,,,,,,,,,,,,,,,,,,
Guadeloupe,GLP,,,,,,,,,,,,,,,,,,,,,,,,,
Guam,GUM,,,,,,,,,,,,,,,,,,,,,,,,,
Hungary,HUN,,,,,,,,,,,,,,,,,,,,,,,,,
Iceland,ISL,,,,,,,,,,,,,,,,,,,,,,,,,
Iraq,IRQ,,,,,,,,,,,,,,,,,,,,,,,,,
Ireland,IRL,,,,,,,,,,,,,,,,,,,,,,,,,
Israel,ISR,,,,,,,,,,,,,,,,,,,,,,,,,
Italy,ITA,,,,,,,,,,,,,,,,,,,,,,,,,
Japan,JPN,,,,,,,,,,,,,,,,,,,,,,,,,
Jordan,JOR,,,,,,,,,,,,,,,,,,,,,,,,,
Kazakhstan,KAZ,,,,,,,,,,,,,,,,,,,,,,,,,
Kiribati,KIR,,,,,,,,,,,,,,,,,,,,,,,,,
"Korea, Democratic People's Republic of",PRK,,,,,,,,,,,,,,,,,,,,,,,,,
"Korea, Republic of",KOR,,,,,,,,,,,,,,,,,,,,,,,,,
Kuwait,KWT,,,,,,,,,,,,,,,,,,,,,,,,,
Latvia,LVA,,,,,,,,,,,,,,,,,,,,,,,,,
Lebanon,LBN,,,,,,,,,,,,,,,,,,,,,,,,,
Libyan Arab Jamahiriya,LBY,,,,,,,,,,,,,,,,,,,,,,,,,
Liechtenstein,LIE,,,,,,,,,,,,,,,,,,,,,,,,,
Lithuania,LTU,,,,,,,,,,,,,,,,,,,,,,,,,
Luxembourg,LUX,,,,,,,,,,,,,,,,,,,,,,,,,
Malta,MLT,,,,,,,,,,,,,,,,,,,,,,,,,
Marshall Islands,MHL,,,,,,,,,,,,,,,,,,,,,,,,,
Martinique,MTQ,,,,,,,,,,,,,,,,,,,,,,,,,
Mauritania,MRT,,,,,,,,,,,,,,,,,,,,,,,,,
Mayotte,MYT,,,,,,,,,,,,,,,,,,,,,,,,,
"Micronesia, Federated States of",FSM,,,,,,,,,,,,,,,,,,,,,,,,,
Monaco,MCO,,,,,,,,,,,,,,,,,,,,,,,,,
Montenegro,MNE,,,,,,,,,,,,,,,,,,,,,,,,,
Montserrat,MSR,,,,,,,,,,,,,,,,,,,,,,,,,
Nauru,NRU,,,,,,,,,,,,,,,,,,,,,,,,,
Netherlands,NLD,,,,,,,,,,,,,,,,,,,,,,,,,
Netherlands Antilles,ANT,,,,,,,,,,,,,,,,,,,,,,,,,
New Caledonia,NCL,,,,,,,,,,,,,,,,,,,,,,,,,
New Zealand,NZL,,,,,,,,,,,,,,,,,,,,,,,,,
Nicaragua,NIC,,,,,,,,,,,,,,,,,,,,,,,,,
Niue,NIU,,,,,,,,,,,,,,,,,,,,,,,,,
Northern Mariana Islands,MNP,,,,,,,,,,,,,,,,,,,,,,,,,
Norway,NOR,,,,,,,,,,,,,,,,,,,,,,,,,
Oman,OMN,,,,,,,,,,,,,,,,,,,,,,,,,
Palau,PLW,,,,,,,,,,,,,,,,,,,,,,,,,
Philippines,PHL,,,,,,,,,,,,,,,,,,,,,,,,,
Poland,POL,,,,,,,,,,,,,,,,,,,,,,,,,
Portugal,PRT,,,,,,,,,,,,,,,,,,,,,,,,,
Puerto Rico,PRI,,,,,,,,,,,,,,,,,,,,,,,,,
Qatar,QAT,,,,,,,,,,,,,,,,,,,,,,,,,
Reunion,REU,,,,,,,,,,,,,,,,,,,,,,,,,
Russian Federation,RUS,,,,,,,,,,,,,,,,,,,,,,,,,
Saint Helena,SHN,,,,,,,,,,,,,,,,,,,,,,,,,
Saint Kitts and Nevis,KNA,,,,,,,,,,,,,,,,,,,,,,,,,
Saint Lucia,LCA,,,,,,,,,,,,,,,,,,,,,,,,,
Saint Vincent and the Grenadines,VCT,,,,,,,,,,,,,,,,,,,,,,,,,
Samoa,WSM,,,,,,,,,,,,,,,,,,,,,,,,,
San Marino,SMR,,,,,,,,,,,,,,,,,,,,,,,,,
Saudi Arabia,SAU,,,,,,,,,,,,,,,,,,,,,,,,,
Seychelles,SYC,,,,,,,,,,,,,,,,,,,,,,,,,
Singapore,SGP,,,,,,,,,,,,,,,,,,,,,,,,,
Slovakia,SVK,,,,,,,,,,,,,,,,,,,,,,,,,
Slovenia,SVN,,,,,,,,,,,,,,,,,,,,,,,,,
Solomon Islands,SLB,,,,,,,,,,,,,,,,,,,,,,,,,
State of Palestine,PSE,,,,,,,,,,,,,,,,,,,,,,,,,
Sweden,SWE,,,,,,,,,,,,,,,,,,,,,,,,,
Syrian Arab Republic,SYR,,,,,,,,,,,,,,,,,,,,,,,,,
Timor-Leste,TLS,,,,,,,,,,,,,,,,,,,,,,,,,
Tokelau,TKL,,,,,,,,,,,,,,,,,,,,,,,,,
Tonga,TON,,,,,,,,,,,,,,,,,,,,,,,,,
Turkey,TUR,,,,,,,,,,,,,,,,,,,,,,,,,
Turkmenistan,TKM,,,,,,,,,,,,,,,,,,,,,,,,,
Turks and Caicos Islands,TCA,,,,,,,,,,,,,,,,,,,,,,,,,
Tuvalu,TUV,,,,,,,,,,,,,,,,,,,,,,,,,
United Arab Emirates,ARE,,,,,,,,,,,,,,,,,,,,,,,,,
United States,USA,,,,,,,,,,,,,,,,,,,,,,,,,
United States Virgin Islands,VIR,,,,,,,,,,,,,,,,,,,,,,,,,
Vanuatu,VUT,,,,,,,,,,,,,,,,,,,,,,,,,
Wallis and Futuna Islands,WLF,,,,,,,,,,,,,,,,,,,,,,,,,
Western Sahara,ESH,,,,,,,,,,,,,,,,,,,,,,,,,